feature,importance
num__lead_time,0.10486684639224494
num__adr,0.06719973878892645
cat__country_PRT,0.061164129678060265
cat__deposit_type_Non Refund,0.0598831249082358
cat__deposit_type_No Deposit,0.058013766547117235
num__total_of_special_requests,0.054064500655553675
num__arrival_date_day_of_month,0.05023945197389801
num__agent,0.04442138488116359
num__arrival_date_week_number,0.04381803382905446
num__stays_in_week_nights,0.03563533146215654
num__previous_cancellations,0.025993193358997857
num__stays_in_weekend_nights,0.02342450067861546
num__arrival_date_year,0.02163820763998974
num__booking_changes,0.020011887109645694
num__required_car_parking_spaces,0.01936382053258766
cat__market_segment_Online TA,0.01617601734599116
cat__assigned_room_type_A,0.01481186305549938
cat__customer_type_Transient,0.013949602285289173
num__adults,0.012777496644346915
cat__customer_type_Transient-Party,0.0121745741660192
cat__market_segment_Groups,0.010655599392094692
cat__market_segment_Offline TA/TO,0.009423123344449377
cat__country_GBR,0.008138495417323525
cat__country_FRA,0.00771874119882222
cat__assigned_room_type_D,0.007077557046918542
cat__distribution_channel_TA/TO,0.007056332655750611
cat__country_DEU,0.006938417959682648
cat__reserved_room_type_A,0.006689661067380828
cat__meal_BB,0.006552582738782112
num__children,0.006044513432980574
cat__hotel_City Hotel,0.005992570898929018
cat__hotel_Resort Hotel,0.005980515736768946
cat__market_segment_Direct,0.005693796633147507
cat__country_ESP,0.005635490885565383
cat__arrival_date_month_August,0.005572957150171534
cat__arrival_date_month_July,0.005273020613594075
cat__distribution_channel_Direct,0.00517976244028873
cat__arrival_date_month_May,0.004594620049360382
cat__reserved_room_type_D,0.004554760542229278
num__previous_bookings_not_canceled,0.004534003673455856
cat__meal_HB,0.004515152348297348
cat__arrival_date_month_June,0.004510204890689602
cat__arrival_date_month_April,0.004467517499875739
cat__arrival_date_month_October,0.003901379379780125
cat__arrival_date_month_March,0.0038650272528311606
cat__arrival_date_month_September,0.0036278874003385793
cat__meal_SC,0.003397622612448407
cat__arrival_date_month_February,0.0033660044410805346
cat__country_ITA,0.003214954351323278
cat__country_IRL,0.003098240430198928
cat__arrival_date_month_December,0.0028806140691760044
cat__arrival_date_month_November,0.0028030640444362625
num__days_in_waiting_list,0.0027719156305876388
cat__assigned_room_type_E,0.00261317181832646
cat__arrival_date_month_January,0.0025520272417681013
num__is_repeated_guest,0.002543094373847002
cat__country_BRA,0.002435746353236725
cat__country_BEL,0.002249743755408795
cat__distribution_channel_Corporate,0.00222383303222812
cat__reserved_room_type_E,0.0021935238362370308
cat__country_NLD,0.002133219564077337
cat__country_USA,0.0020319930755822086
cat__country_CHE,0.0020215005743223456
cat__market_segment_Corporate,0.0019067511482330443
cat__customer_type_Contract,0.001886859494176575
cat__assigned_room_type_F,0.0017704495766043204
cat__country_CHN,0.0016166017366815247
cat__country_AUT,0.0015240866259510202
cat__country_CN,0.0014974073114279083
cat__assigned_room_type_B,0.0014562293607756555
cat__country_SWE,0.0013982376206916997
cat__assigned_room_type_C,0.0012367631213070515
cat__assigned_room_type_G,0.0011498079991475946
cat__reserved_room_type_F,0.0011351529007219898
cat__country_POL,0.0011020755378324696
cat__meal_Undefined,0.0010840969217142881
cat__country_RUS,0.0010681018925123567
cat__country_AGO,0.001027285066626071
cat__reserved_room_type_G,0.0009656185342749703
cat__meal_FB,0.0008344056287165404
cat__country_ISR,0.0008171575100963781
cat__country_ROU,0.0008110586680648034
cat__reserved_room_type_B,0.0008025198327146891
num__babies,0.0007852419239195223
cat__country_NOR,0.0007808973049082016
cat__country_AUS,0.0006486905098370226
cat__country_MAR,0.000606932328139923
cat__country_FIN,0.0005922925303874648
cat__country_LUX,0.0005869760453478841
cat__country_DNK,0.0005831490422177732
cat__country_TUR,0.000545919151384116
cat__reserved_room_type_C,0.0005355405030035557
cat__country_HUN,0.0004662343287276606
cat__market_segment_Complementary,0.0004584110421589337
cat__assigned_room_type_H,0.0004246574768256153
cat__reserved_room_type_H,0.00036486350787746805
cat__assigned_room_type_I,0.00034050548037923255
cat__customer_type_Group,0.00032016020485369894
cat__country_CZE,0.0003087967409436986
cat__country_JPN,0.0002916444708777202
cat__country_KOR,0.0002811279893872896
cat__country_ARG,0.0002618164702763637
cat__assigned_room_type_K,0.00025917546272500545
cat__country_IND,0.0002525882126057421
cat__country_ZAF,0.00023954750310852733
cat__country_GRC,0.00022477492791954525
cat__country_ARE,0.0002245122193854139
cat__market_segment_Aviation,0.0002057509110358441
cat__country_PHL,0.0002011935966276868
cat__country_COL,0.0001974668742530061
cat__country_IRN,0.00017883258802716483
cat__country_MOZ,0.00017458570195756393
cat__distribution_channel_GDS,0.0001661387356747676
cat__country_SAU,0.00016293638502302334
cat__country_HRV,0.00016137342397941313
cat__country_NGA,0.00015626120893173442
cat__country_SVK,0.0001499477141689251
cat__deposit_type_Refundable,0.0001441127006679973
cat__country_NZL,0.00014232864460329126
cat__country_TUN,0.0001406592372672305
cat__country_BGR,0.00013853661342616902
cat__country_IDN,0.00013343514708140616
cat__country_SGP,0.00012377805518043168
cat__country_DZA,0.00012018087639614837
cat__country_SVN,0.000119729014014271
cat__country_THA,0.00011544790731340123
cat__country_EST,0.00011469912271641923
cat__country_UKR,0.00011343988408041196
cat__country_MEX,0.0001133888841203801
cat__country_CYP,0.00010731844763686009
cat__country_GIB,0.00010267006066823474
cat__assigned_room_type_P,0.00010196142309602148
cat__country_ECU,0.00010000207840847806
cat__country_CHL,9.873602773230232e-05
cat__country_VEN,9.500599105646992e-05
cat__country_ISL,9.222578186047624e-05
cat__reserved_room_type_P,9.141625704854042e-05
cat__country_HKG,8.375532537977777e-05
cat__country_LBN,8.121713484722234e-05
cat__country_LTU,8.009531332632033e-05
cat__country_KWT,7.696878429563325e-05
cat__country_SRB,7.620862839405494e-05
cat__country_TWN,7.507842962085724e-05
cat__country_MAC,7.426545484837618e-05
cat__country_QAT,6.932423334318364e-05
cat__country_GEO,6.451753840638486e-05
cat__country_CPV,6.311248815135372e-05
cat__country_BLR,6.02679398597788e-05
cat__country_LVA,5.9673498748200775e-05
cat__country_EGY,5.585585730983232e-05
cat__country_URY,5.530628418281073e-05
cat__country_AZE,5.343978078573068e-05
cat__country_MDV,5.251947472839018e-05
cat__country_MLT,5.0895861279485604e-05
cat__country_JEY,4.5981444930829626e-05
cat__country_PER,4.532002525766861e-05
cat__country_MYS,4.36798021757021e-05
cat__country_OMN,4.0648756892482034e-05
cat__distribution_channel_Undefined,3.9061650893882064e-05
cat__country_BGD,3.462567999837485e-05
cat__country_KAZ,3.351595263994946e-05
cat__country_PAK,3.2233704294863445e-05
cat__country_SEN,2.5999889249017496e-05
cat__country_PRY,2.591565454283322e-05
cat__country_ZWE,2.538177378525536e-05
cat__country_TJK,2.530577608238637e-05
cat__reserved_room_type_L,2.41621815352724e-05
cat__country_MKD,2.395154224987371e-05
cat__country_JOR,2.3060418113500436e-05
cat__country_BHR,2.172090708033332e-05
cat__country_PRI,2.1205919842980388e-05
cat__country_PAN,2.0617909220721705e-05
cat__market_segment_Undefined,1.731515029693477e-05
cat__country_DOM,1.701412714113434e-05
cat__country_CIV,1.5841642291827312e-05
cat__country_BIH,1.4942716673366513e-05
cat__country_GHA,1.4080611676429484e-05
cat__country_AND,1.3752560820469401e-05
cat__country_NAM,1.3733588932283079e-05
cat__country_MUS,1.3668442878475142e-05
cat__country_GLP,1.3399463140459479e-05
cat__country_TZA,1.2706094496998503e-05
cat__country_BEN,1.2580657860984795e-05
cat__country_ZMB,1.2317071200898595e-05
cat__country_KEN,1.1627544054769149e-05
cat__country_GAB,1.1366166156373087e-05
cat__country_ALB,1.0126498958216374e-05
cat__country_TMP,9.418084866896754e-06
cat__country_ARM,9.406316892400742e-06
cat__country_COM,9.043766816847454e-06
cat__country_FRO,8.383227465027368e-06
cat__country_MNE,8.004228729737517e-06
cat__country_UMI,7.9564700970096e-06
cat__country_CMR,7.940717102877454e-06
cat__country_GNB,7.868169431650284e-06
cat__country_IMN,7.520797170546805e-06
cat__country_ATF,7.337643915775057e-06
cat__country_SUR,7.163329461473769e-06
cat__country_VNM,7.096301441239437e-06
cat__country_SYC,6.814003463717468e-06
cat__country_CRI,6.749156379076439e-06
cat__country_UZB,6.7180677073662765e-06
cat__country_BOL,6.688015566718216e-06
cat__country_HND,6.323988871592924e-06
cat__assigned_room_type_L,5.756073078066256e-06
cat__country_TGO,5.626079712969599e-06
cat__country_IRQ,5.449803353431003e-06
cat__country_LKA,5.0305807304128014e-06
cat__country_RWA,4.5337764466392075e-06
cat__country_SLE,4.262735684891421e-06
cat__country_KHM,4.224084362243017e-06
cat__country_LBY,3.989652788368462e-06
cat__country_ETH,3.740894689764899e-06
cat__country_SLV,3.5792454571498787e-06
cat__country_UGA,3.1569173011161348e-06
cat__country_AIA,3.112804398072806e-06
cat__country_MCO,3.1098207076336684e-06
cat__country_ABW,2.952154097299497e-06
cat__country_NIC,2.7620754048663016e-06
cat__country_NCL,2.5780276194848976e-06
cat__country_DJI,2.4905008604671762e-06
cat__country_JAM,2.286180983994164e-06
cat__country_LIE,1.929555568762354e-06
cat__country_PLW,1.8168145763883126e-06
cat__country_MYT,1.7669287485477487e-06
cat__country_VGB,1.7443351439200644e-06
cat__country_ATA,1.7434465795467263e-06
cat__country_LAO,1.7157382205828985e-06
cat__country_GTM,1.4790002031382872e-06
cat__country_CUB,1.4212968772637047e-06
cat__country_BFA,1.0966575185507576e-06
cat__country_GGY,9.839052162333412e-07
cat__country_MRT,8.839368428981012e-07
cat__country_MLI,8.173288285205106e-07
cat__country_FJI,7.29525186700553e-07
cat__country_SMR,6.419171635413129e-07
cat__country_DMA,5.809546489706476e-07
cat__country_BRB,5.632550317295069e-07
cat__country_NPL,3.9501188340523744e-07
cat__country_KNA,3.6728366865630607e-07
cat__country_CAF,2.278420614680068e-07
cat__country_BHS,1.2106749332891382e-07
cat__country_SYR,1.1495487657532779e-07
cat__country_ASM,1.0713356178147152e-07
cat__country_MMR,9.200499017894647e-08
cat__country_MDG,4.0074313681572416e-08
cat__country_STP,3.102352594664929e-08
cat__country_SDN,2.8507066658777482e-08
cat__country_PYF,7.476088223105527e-09
cat__country_CYM,1.3537314416568622e-09
cat__country_MWI,6.777444287336996e-10
